﻿id,Activity Name,Activity URL,Image URL,Fee,Time Period,Photographer
0,城市探索（City Walk）--一起漫步永不拓宽的64条街道,https://www.douban.com/event/34312540/,https://img9.doubanio.com/pview/event_poster/median/public/4026aa60d282ba1.jpg,免费,11月06日 周六 14:00-17:30 ...,未来的街头
1,【上海同城】漫步杨浦滨江，感受近代工业的心跳,https://www.douban.com/event/34570557/,https://img9.doubanio.com/pview/event_poster/median/public/f50da63b03af602.jpg,19元(活动费),10月19日 周二 13:00-18:00 ...,互助网周末活动
2,上海约拍-专业摄影约拍,https://www.douban.com/event/34545548/,https://img9.doubanio.com/pview/event_poster/median/public/48e828e14f04a5f.jpg,免费,10月04日 周一 11:00-17:30 ...,自由自在
3,女摄影师-人像写真约拍,https://www.douban.com/event/34561413/,https://img9.doubanio.com/pview/event_poster/median/public/01c8da01890287c.jpg,500元(定金),2021年10月14日 ~ 2022年01月12日 每天 09:00 - 11:00 15:00 - 18:00,-有一个青
4,“美学慢步”CityWalk，逛逛艺术展扫扫街景,https://www.douban.com/event/34514472/,https://img9.doubanio.com/pview/event_poster/median/public/3d8ed1a031b2a61.jpg,免费,09月19日 周日 13:00-18:00 ...,ugsaggigga
5,微纪录片「我的一天」,https://www.douban.com/event/34619117/,https://img9.doubanio.com/pview/event_poster/median/public/31f616ce40fc396.jpg,免费,2021年11月01日 ~ 2022年01月30日 每天 08:00 - 20:00,倲升同学
6,生活中的情绪瞬间：情绪人像摄影,https://www.douban.com/event/34617771/,https://img9.doubanio.com/pview/event_poster/median/public/9a3432056bd6308.jpg,99.0元(人均),2021年11月20日 ~ 2021年12月31日 每天 02:00 - 04:00 08:30 - 10:30,m-n-k-n
7,上海约拍 个人 闺蜜 情侣写真,https://www.douban.com/event/34618971/,https://img9.doubanio.com/pview/event_poster/median/public/fb1396306ef429e.jpg,599.0元(人均),2021年11月17日 ~ 2022年01月31日 每天 09:00 - 17:00,NANAYO（七葉）
8,上海摄影约拍 | 留住每一个动人瞬间，找到时光里的自己！,https://www.douban.com/event/34471597/,https://img9.doubanio.com/pview/event_poster/median/public/f659c66da87efe1.jpg,1元(请提前咨询),2021年08月26日 ~ 2021年11月24日 每天 00:00 - 23:30,画画的Franco