﻿id,name,district,address,transport,lng,lat,img_url,description,style
1,衡复风貌馆,徐汇区,上海市徐汇区复兴西路62号,轨道交通10号线 上海图书馆站,121.4507522172628,31.21706173425477,https://uploadimg.sh-datastone.cn//upload/Info_thumimg/20210312102357_9367963.jpg,该建筑建于1930年，占地面积3086平方米，建筑面积约2150平方米，西班牙式建筑风格住宅。原名修道院公寓，其实与修道院无关。之所以被称作“修道院公寓”，是后人根据“cloister”一词直译而来。这一单词同时也有回廊的意思，因此也有人将这座公寓称为“回廊公寓”。,历史建筑
2,建业里,徐汇区,上海市徐汇区建国西路440弄,轨道交通1/7号线 常熟路站 ,121.45846583193115,31.20967482791956,https://uploadimg.sh-datastone.cn//upload/Info_thumimg/20210311173704_4847255.jpg,建国西路440弄-496弄，建于30年代，由法商中国建业地产公司投资建造，故又名建业里。为经典的石库门里弄住宅。整弄建筑的外墙均为清水红砖。该建筑的特点是采用江南民居传统建筑特色的马头墙，同时也具有中西合璧的特色，一些细部采用西式脚线装饰，有些局部甚至还带有装饰艺术派特征。,历史建筑
3,黑石公寓,徐汇区,上海市徐汇区复兴中路1331号,轨道交通1/12号线 陕西南路站7号口,121.458864095679,31.21733350211837,https://uploadimg.sh-datastone.cn//upload/Info_thumimg/20210312111404_553790548.jpg,位于复兴中路南侧，地处衡山路-复兴路历史文化风貌区中心地带的黑石公寓，与上海交响乐团隔街相望。这座近百年历史的老建筑，建成于1924年，是上海早期公寓中较有特色的建筑之一，建成后被誉为当时“中国最好的公寓”。,历史建筑
4,武康大楼,徐汇区,上海市徐汇区淮海路1850号,轨道交通10/11号线 交通大学站7号口,121.48320772584667,31.228907301271374,https://uploadimg.sh-datastone.cn//upload/Info_thumimg/20210220164555_1661910073.jpg,武康路是“中国历史文化名街”，在这条路上有很多著名的历史建筑，其中就包括多次出现在电影、明信片和网红街拍中的武康大楼。大楼下五条马路相交的路口常常有很多举着相机、手机的市民游客在拍照，武康大楼俨然已成为上海的代表性地标之一。,历史建筑
5,吴同文住宅（绿房子）,静安区,上海市静安区铜仁路333号,轨道交通2/7/14号线 静安寺站6号口 ,121.45549787544147,31.23408978642505,https://uploadimg.sh-datastone.cn//upload/Info_thumimg/20211105173821_2023055990.jpg,铜仁路333号，原系“颜料大王”吴同文住宅，是传奇建筑师邬达克在上海时私宅设计的“收山之作”，因其独特的绿色外立面而被称为“绿房子”。弧形的大铜窗，大平台上统长的铜栏杆，犹如一艘停泊在港湾的大轮船，其优美的“船弦”弧线和直线组成的“船体”立面，简洁而又有动感。,历史建筑
6,马勒住宅,静安区,上海市静安区陕西南路30号,轨道交通2/7/14号线 静安寺站8号口 ,121.46282499416415,31.229112876977364,https://uploadimg.sh-datastone.cn//upload/Info_thumimg/20210220151538_1034790663.jpg,马勒别墅，位于上海市静安区延安中路陕西南路拐角处，于1936年落成，占地五千余平方米，花园面积近两千平方米，是一座有着80多年历史、极具北欧风情的花园别墅，现已成为上海标志性的花园洋房建筑之一。马勒别墅因雅致而独特的风格，丰富的历史，相继被认定为上海优秀近代建筑和全国重点文物保护单位，还被欧洲建筑师设计协会评为“二十世纪建筑设计十个最经典作品”之一。,历史建筑
7,荣宅,静安区,上海市静安区陕西北路186号,轨道交通2/12/13号线 南京西路站,121.46200888360833,31.23307685643502,https://uploadimg.sh-datastone.cn//upload/Info_thumimg/20210312173234_1519211871.jpg,荣宅坐落于静安区陕西北路186号，在上个世纪二三十年代，这里堪称上海最为高雅、神秘的花园洋房之一。荣宅的神秘，因其主人的显赫身份而更添传奇色彩。宅子的主人荣宗敬，是近代上海白手起家的著名实业家，以“面粉大王”、“棉纺大王”之名享誉全国，曾经在“衣食上坐拥半个中国”。,历史建筑
8,外白渡桥,黄浦区,上海市苏州河与黄浦江交界处,轨道交通2/10号线 南京东路站8号口 ,121.50149498026605,31.24780239883037,https://uploadimg.sh-datastone.cn//upload/Info_thumimg/20211103171517_681159270.jpg,外白渡桥坐落于苏州河与黄浦江交汇处，是中国第一座全钢结构铆接桥梁和仅存的不等高桁架结构桥，也是近代上海的标志性建筑之一。它历经百年风雨，承载着几代人的回忆，见证了上海从开埠到今天的沧桑巨变，它是上海人心目中真正的“外婆桥”。,历史建筑
9,思南公馆,黄浦区,上海市黄浦区思南路73号,轨道交通1号线 黄陂南路站 ,121.47505901690454,31.22034489974068,https://uploadimg.sh-datastone.cn//upload/Info_thumimg/20210322143533_282890460.jpg,思南公馆地处衡复历史文化风貌区，东起重庆南路，西至思南路西侧花园住宅，南临交大医学院，北抵复兴中路，占地面积约5万平方米，是上海市中心唯一一个成片花园住宅的保护保留项目。建筑群坐拥保留保护建筑51幢，其中37幢被列为上海市优秀历史建筑，荟萃了上海10种近代历史居住建筑类型中的8种，堪称活的上海近代居住建筑博物馆。,历史建筑
10,上生·新所,长宁区,上海市长宁区延安西路1262号,轨道交通3/4号线 延安西路站 ,121.43399989746833,31.21486378266608,https://uploadimg.sh-datastone.cn//upload/Info_thumimg/20210222094518_1465975866.jpg,近十年来，新华路历史文化风貌区内开展了一系列的城市更新和历史建筑保护利用的实践，而其中“上生•新所”项目是代表之一，主要由孙科别墅、哥伦比亚乡村俱乐部、海军俱乐部3处历史建筑、11栋贯穿新中国成长的工业改造建筑共同组成。,历史建筑
11,沪西别墅,长宁区,上海市长宁区愚园路21210弄,轨道交通2号线 江苏路站6号口 ,121.42807305737459,31.225058482482655,https://uploadimg.sh-datastone.cn//upload/Info_thumimg/20210309174854_402394317.jpg,1948年，由上海真裕地产股份有限公司投资建造，黄迈士建筑事务所设计的沪西别墅落成了。建筑的风格延续了1930年代上海最为流行的装饰艺术风格。机械式的、几何的、纯粹装饰的线条被用来表现时代美感；明亮且对比强烈的颜色被用以彩绘，使其具有强烈的装饰意图。,历史建筑
12,上海M50创意园,普陀区,上海市普陀区莫干山路50号,轨道交通13号线 江宁路站,121.45637983179117,31.254609716108284,https://api.sh-datastone.com/place_sh_cn_api/Public//upload/moudlepic2/20190606155055_1539712690.jpg,M50创意园是中国首批当代艺术园区之一，M50以“艺术•创意•生活”为园区定位，有针对性的引进在文化创意领域内有影响力的机构。这些机构的入驻营造了苏州河畔浓厚的艺术创意气息，吸引了众多国内外的收藏家、媒体、知名人士、艺术爱好者、市民和游客。目前，M50创意园引进了包括英国、法国、意大利、瑞士、以色列、加拿大、澳大利亚、美国、意大利、日本、委内瑞拉等在内的20个国家和地区的160多个艺术家工作室以及画廊、服装设计、平面设计、建筑设计、家具设计等机构。,艺术场馆
13,半岛1919文化创意产业园,宝山区,上海市宝山区淞兴西路258号,轨道交通3号线 淞滨路站,121.4950950026602,31.37297186823411,https://api.sh-datastone.com/place_sh_cn_api/Public//upload/thumbnailpic/20211011150858_864859583.jpg,半岛1919文化创意产业园由30多幢现代建筑与历史保护建筑组成，形成了极其完美经典的建筑群。因其前身为中国纺织泰斗聂云台先生于1919年创办的大中华纱厂，同时其位置在藴藻浜与泗塘河的交汇形成半圆形处，故命名为“半岛1919”。半岛1919文化创意产业园依托悠久的人文基调，优秀的历史建筑，贯穿以“历史建筑、工业文明、时尚生活”这一主题，目前已形成了独特的休闲创意体验、影视艺术创作等一系列文化产业集聚，并成为宝山乃至上海的新地标。,艺术场馆
14,1862时尚艺术中心,浦东新区,上海市浦东新区陆家嘴滨江大道1777号,轨道交通2号线 陆家嘴站,121.52018000436523,31.25021683738668,https://api.sh-datastone.com/place_sh_cn_api/Public//upload/place/thum_20180412103936_226470744.jpg,1862时尚艺术中心是一所专注经营先锋时尚舞台剧、驻场秀、室内乐、现代舞、时尚发布会、艺术展览展示等活动的艺术空间，连接传统与时尚、经典与普世、现代与未来，致力于推进国内外文化艺术交流，打造立足浦东、面向上海、走向国际的多元艺术平台。,艺术场馆
15,1929艺术空间,虹口区,上海市虹口区东大名路687号,轨道交通12号线 国际客运中心站,121.5077859934135,31.25543287071903,https://api.sh-datastone.com/place_sh_cn_api/Public//upload/thumbnailpic/20210715172722_1907963793.jpg,这栋建于1929年的建筑，从最早的英商协隆洋行仓库，摇身一变成为艺术与创意空间，为当代人触碰艺术，提供了一个好去处。二楼的半岛美术馆称得上是城中秘境，清净、人少，展出的是当代艺术家的作品，却能从中窥见传统文化蕴味。,艺术场馆
16,上海油罐艺术中心,徐汇区,上海市徐汇区龙腾大道2380号,轨道交通11号线 云锦路站,121.46974095845492,31.17095285509738,https://api.sh-datastone.com/place_sh_cn_api/Public//upload/thumbnailpic/20190708103900_575680037.jpg,上海油罐艺术中心是一家非营利艺术机构，通过当代艺术展览、活动，公众可以亲近感受艺术、建筑、城市、自然和黄浦江景观。油罐建筑群由五个油罐组成，坐落于中国最早建成的机场——上海龙华机场原址，机场停用后被完整保留。油罐内部空间开阔，挑高15米以上，拥有极具工业特点的穹顶及曲面圆周空间。三个油罐连接作为美术馆展览空间，其余则作为配套功能使用。,艺术场馆
17,和丰邑,黄浦区,上海市黄浦区大沽路190号,轨道交通1号线 黄陂南路站2号口/人民广场站1或2号口,121.47700456697805,31.232273035188364,https://api.sh-datastone.com/place_sh_cn_api/Public//upload/thumbnailpic/20190923174804_1806351532.jpg,和丰邑文化中心是一个整合商务、会议、娱乐的高品质奢华空间。和丰邑地处繁华的上海市中心，与人民广场、南京西路商圈相邻，拥有专业剧场、咖啡厅、中式茶室、会议室等，提供专业的视频制作和直播摄影棚。,艺术场馆
18,船厂1862,浦东新区,上海市浦东新区滨江大道1777号,轨道交通4号线 浦东大道站,121.52018000436523,31.25021683738668,https://api.sh-datastone.com/place_sh_cn_api/Public//upload/thumbnailpic/20200113142800_1593130964.jpg,船厂1862是一座拥有150余年历史的造船厂变身为保留“工业建筑遗迹”的文化综合体，始建于1862年的上海船厂，曾是中国现代工业文明的发源地之一，记录了中国造船业的发展史。船厂1862的改造由世界建筑大师隈研吾主持，在隈研吾设计改造下，船厂1862最终形成一个26000平方米的时尚艺术商业空间，包含800座的中型艺术剧院,艺术场馆
19,1933老场坊,虹口区,上海市虹口区溧阳路611号,轨道交通4/10号线 海伦路站,121.49876538914341,31.26026298911172,https://api.sh-datastone.com/place_sh_cn_api/Public//upload/place/thum_20170802155341_505103765.jpg,1933老场坊是英国建筑设计大师巴尔弗斯的作品，体现了古典英式建筑特质和古罗马巴西利卡式元素的完美结合，是历史保护建筑中的瑰宝。1933老场坊可以说是上海各大创意园区中最特别的一个。因为它是上海最大的历史保护建筑，它的前身也最特殊——远东第一屠宰场，主体建筑呈“内圆外方”的格局。综合时尚表演、发布、展示、交易、设计、服务、消费、休闲为一体。蜿蜒的沙泾港与虹口港两条河流交汇于这幢建于1933年的英式建筑的脚下。,艺术场馆
20,上海老码头创意园区,黄浦区,上海市黄浦区中山南路505弄,轨道交通9号线 小南门站,121.51231686674474,31.224823716089286,https://api.sh-datastone.com/place_sh_cn_api/Public//upload/thumbnailpic/20211009155002_2009780159.jpg,上海老码头创意园区作为国家3A级旅游景区、特色商业街区、十佳创意产业园以及上海市工业旅游景点，老码头有着得天独厚的地理优势，十六铺码头为背景、毗邻黄浦江、直望陆家嘴、接连外滩。园区内依旧保留着红砖和最上海特色的石库门建筑，可谓最有“上海味”。,艺术场馆
21,龙美术馆（西岸馆）,徐汇区,上海市徐汇区龙腾大道3398号,轨道交通7/12号线 龙华中路站,121.47120717270832,31.190114119272756,https://api.sh-datastone.com/place_sh_cn_api/Public//upload/thumbnailpic/20191021094458_1409660834.jpg,龙美术馆位于徐汇滨江“西岸文化走廊”的核心位置——龙腾大道，以独特的伞拱结构为建构特征，一层、二层为绘画、雕塑、装置、新媒体等当代艺术的展示空间；地下一层为中国古代艺术珍品及民国时期美术作品的常设展示空间，“白盒子”式的矩形展厅突显中国传统艺术的历史传承与博大精深。该馆不再是封闭内向型的美术馆空间模式，在功能设计上容纳了开放性和公众参与性的公共空间，如地上两层有视野开阔的江景餐厅、音乐厅和咖啡厅等，地下一层有儿童展厅、图书馆、艺术品修复室和艺术书店等。,艺术场馆
22,上海西岸艺术中心,徐汇区,上海市徐汇区龙腾大道2555号,轨道交通11号线 云锦路站,121.46887472245166,31.173565627234193,https://api.sh-datastone.com/place_sh_cn_api/Public//upload/thumbnailpic/20210813142720_1338791517.jpg,场馆选址原上海飞机制造厂厂房，位于龙腾大道2555号，由大舍建筑事务所柳亦春担纲改造设计。总建筑面积达10800平方米，除两层主展示空间外，兼有VIP会议间、讲座室、展演楼梯、停车场等功能区域，配套设施完备。作为“西岸文化走廊”品牌工程的重要组成部分，西岸艺术中心将倡导“艺术引领‘漫’生活”的理念，汇集艺术、时尚、演艺等多功能于一体，打造西岸乃至上海传播艺术文化的新地标。于2015年正式对外开放。,艺术场馆
23,余德耀美术馆,徐汇区,上海市徐汇区丰谷路35号,轨道交通11号线 云锦路站,121.46857316129196,31.176890868306696,https://api.sh-datastone.com/place_sh_cn_api/Public//upload/thumbnailpic/20200109140659_1871970670.jpg,余德耀美术馆的基本设计是希望在维持原有的老机库风格基础上，通过对青葱树木和明亮开放型玻璃厅的规划利用，重新设计建筑空间以适应庞大展览的需求。在尊重历史的前提下，历经变革的老机库令美术馆富有视觉冲击力与历史的沧桑感，而新建的玻璃大厅则让其充分体现亲和力，二者融为一体，是当代建筑史上新老融合的代表作之一。,艺术场馆
24,龙美术馆（浦东馆）,浦东新区,上海市浦东新区罗山路2255弄210号,轨道交通7号线 花木路站,121.58038623625497,31.222246187861085,https://api.sh-datastone.com/place_sh_cn_api/Public//upload/thumbnailpic/20191227173515_1934156771.jpg,由中国建筑师仲松负责设计改造，建筑外观呈方形布局，以浅灰白色为基调，花岗岩为主体建材，突显东方式的简约和纯粹内敛。美术馆主体建筑共分四层，地下一层为公共教育区域，设有图书阅览室、学术报告厅等，一层展厅主要展出主题多样的当代艺术，并设有艺术商店，艺术咖啡馆等休闲设施。二层展厅为“红色经典”艺术常设展区，系统地展现了中国革命题材主题创作从延安时期至改革开放新时期的全貌。三层为中国传统艺术的常设和临时展厅，以书画艺术为主，还设有中国古代器物和家具的展示空间。,艺术场馆
25,浦东美术馆,浦东新区,上海市浦东新区滨江大道2777号,轨道交通2号线 陆家嘴站2号口,121.50244969936203,31.24330067786706,https://api.sh-datastone.com/place_sh_cn_api/Public//upload/thumbnailpic/20210806175810_1426805399.jpg,浦东美术馆位于小陆家嘴滨江核心区，2021年7月正式向公众开放。浦东美术馆由陆家嘴集团投资、建设和运营，让•努维尔事务所设计，以国际艺术展示交流为主，兼顾国内艺术展示，突出展览、美育、文创、国际交流四大功能，致力于建设成为上海国际文化场馆新地标、国际文化艺术交流的重要平台。,艺术场馆
26,共青森林公园,杨浦区,上海市杨浦区军工路2000号,公交124路 森林公园站,121.55235128908572,31.327100070938258,https://api.sh-datastone.com/place_sh_cn_api/Public//upload/mainpic/20191231113607_1524782836.jpg,位于上海东北部，东濒黄浦江、西临军工路，全园占地近2000亩，濒江观赏游览线605米，森林面积1870亩，是唯一一座位于上海中心城区的森林公园，多年来成功举办上海菊花展、森林百花展、森林狂欢节等主题活动和旅游品牌项目。,公园湿地
27,东平国家森林公园,崇明区,上海市崇明区北沿公路2188号,建议自驾,121.48601924243178,31.689300150933857,https://api.sh-datastone.com/place_sh_cn_api/Public//upload/place/20161207154817_220162654.jpg,东平国家森林公园位于崇明岛的中北部，是华东地区已形成的最大的平原人工森林，是上海著名旅游胜地，国家4A级旅游景区，全国农业旅游示范点。森林公园空气洁静、气候宜人，负氧离子含量高达每立方厘米2万个，园有各种鸟类、鱼类、两栖、浮游动物等丰富的生物资源以及各种季节的花卉植物可以观赏，还有丰富多彩的娱乐设施及体验项目可供选择，喜欢露营的朋友还可在露营区过夜,公园湿地
28,长兴岛郊野公园,崇明区,上海市崇明区长兴岛秋柑路199号,建议自驾,121.72014586512505,31.402369173214403,https://api.sh-datastone.com/place_sh_cn_api/Public//upload/moudlepic2/20201014162834_343267699.jpg,长兴岛郊野公园位于长兴岛东北部内，是上海最大的生态涵养型郊野公园，距上海市区仅需半小时车程。现园内有花溪湖可乘坐游船游玩，有阳光大草坪可供休闲游乐，也有在梦幻花海、百果天地、橘园风情等区域感受赏花、采摘的乐趣，是理想的户外娱乐活动场所。此外，由原农场职工营房改建的“前卫1966”，选取文革、前卫农场、农作物等元素来设计，极具创意地保存了农场历史文化和那段峥嵘岁月的印记。,公园湿地
29,西沙湿地公园,崇明区,上海市崇明区堡湖路588号,建议自驾,121.25361781547042,31.729098804727954,https://api.sh-datastone.com/place_sh_cn_api/Public//upload/place/20170119141511_2023973341.jpg,“庭前木叶半青黄”，西沙湿地不同树种组合而成的水森林，随着气温的降低开始深浅不一地变换色彩，像打翻了颜色盘的油画，斑驳陆离。颜色最艳的要属落羽杉，似羽毛状的叶丛极为秀丽，等到叶子渐渐变为古铜色。,公园湿地
30,东滩湿地公园,崇明区,上海市崇明区陈家镇东滩东旺中路,公交陈前线 立新村站,121.83914412654019,31.53230434944773,https://api.sh-datastone.com/place_sh_cn_api/Public//upload/moudlepic2/20201014162435_1705799234.jpg,东滩湿地公园位于崇明岛的最东端，处于长江入海口，这里空气清新，又有一望无际的芦苇布满滩涂，走在木栈道上是一种亲近自然的享受。东滩是观日出的胜地，而每当秋冬候鸟迁徙的季节，可站在园内的观鸟台上观远处群鸟或飞翔或栖息，又有另一番生动自然的乐趣。,公园湿地
31,青西郊野公园,青浦区,上海市青浦区金泽镇紫莲路500号,地铁17号线朱家角站，换乘青浦28路练西公路西宋路站,121.01484201261027,31.06291086848957,http://uploadimg.sh-datastone.cn/section_upload/20211125/16378333634488.png,青西郊野公园和莲湖村相连，有淳朴的田园风光！11月起青西郊野公园内的池杉树叶逐渐开始变色，每年这个时候，青西郊野公园的“醉美”池杉都是比较受欢迎的打卡地。,公园湿地
32,顾村公园,宝山区,上海市宝山区顾村镇沪太路4788号,地铁7号线，顾村公园站,121.39178897070722,31.350502916789292,http://uploadimg.sh-datastone.cn/section_upload/20211125/16378334363173.png,小雪过后，顾村公园的色彩开始丰富了起来，如果说银杏代表了秋日浪漫，那耀眼的红枫则是冬日炽热的象征。除了红枫，杉树也各种实力抢镜。阳光洒在杉树上，色彩愈加浓烈，宛如大自然无意中打翻的调色盘，金色、红色、绿色、蓝色交织出绚丽的色彩。,公园湿地
33,花开海上生态园,金山区,上海市金山区朱泾镇待泾村秀泾6060号,建议自驾,121.1161823724463,30.883170760981745,http://uploadimg.sh-datastone.cn/section_upload/20211125/16378334952530.png,11月份，鸡爪槭、美国红枫、无患子、密枝卫矛等树种都已开始变色。红的艳、橙的金、黄的亮、绿的透，一叶一枝一绰约，满园景色如诗画。,公园湿地
34,枫叶岛,金山区,上海市金山区廊下镇山塘村新建江4组（廊下彭家桥附近）,建议自驾,121.19888450990022,30.797033014634,http://uploadimg.sh-datastone.cn/section_upload/20211125/16378335269704.png,在廊下镇的枫叶岛，大片的枫树林醇红似火，暖黄如金，夹杂着少部分浅绿色的枫叶，构成了一幅绚丽和谐的立体画。赏完枫叶，到廊下郊野公园体验星空度假营，看一场日落星辰，参加一次篝火晚宴，弹一曲醉人的夜曲，唱一首感人的歌。,公园湿地
35,佘山国家森林公园,松江区,上海市松江区外青松公路9258号,公交松青线 佘山站,121.20286184737621,31.101620589024424,https://api.sh-datastone.com/place_sh_cn_api/Public//upload/mainpic/20191231161027_1264878631.jpg,上海佘山国家森林公园是1993年6月由国家林业部批准建立的，位于上海西郊古城松江境内，占地401公顷，距市中心30公里，是上海唯一的自然山林胜地。园内十二座山峰犹如十二颗大小不一的翡翠从西南趋向东北，蜿蜒连绵13.2公里，使一马平川的上海平原呈现出灵秀多姿的山林景观。,公园湿地
36,广富林遗址文化公园,松江区,上海市松江区广富林路3260弄,公交松江15路 华东政法大学站/公交1802路 龙源路银泽路站,121.20357321550955,31.06658724295609,https://api.sh-datastone.com/place_sh_cn_api/Public//upload/mainpic/20190716104117_1569540887.jpg,广富林遗址文化公园位于松江新城北部，东至龙源路，南至广富林路，西至沈泾塘，北至银泽路，总占地面积约850亩。以考古遗址保护区为核心，对古遗址加以原生态保护和呈现，突显农耕生态文化，展现了原汁原味的田园风光。苏浙徽的古建筑作为展示空间需要，展现了广富林和松江具有移民之地的历史特征。,公园湿地
37,海湾国家森林公园,奉贤区,上海市奉贤区海湾镇随塘河路1677号,建议自驾,121.69708411692014,30.867500417060594,https://api.sh-datastone.com/place_sh_cn_api/Public//upload/moudlepic1/20210712134250_782095237.jpg,上海海湾国家森林公园位于奉贤区海湾镇境内，国家4A级旅游景区，上海4座国家级森林公园之一，公园拥有上海市域内最优良的5.3公里海岸线，园内植树达300多万株，是在模拟自然、回归自然的理念指导下营造的复合混交林群落，四季皆有景观。,公园湿地
38,嘉北郊野公园,嘉定区,上海市嘉定区沪宜公路5051号,公交嘉定21路/嘉松线 六里桥站,121.2068169967061,31.36375989490186,https://api.sh-datastone.com/place_sh_cn_api/Public//upload/moudlepic1/20190718144006_1107537254.jpg,嘉北郊野公园是嘉定新城规划绕城森林的重要节点和上海“城市绿肺”的重要地标，于2017年9月23日试开园。杉林大道、乌桕大道、枫香大道三条景观大道穿越园区，会同纵横回环的水网桥梁，将农田、花海、片林连为一体，构筑层次丰富的郊野画卷,公园湿地
39,世纪公园,浦东新区,上海市浦东新区锦绣路1001号,轨道交通2号线 世纪公园站,121.56291527205252,31.22751287929456,https://api.sh-datastone.com/place_sh_cn_api/Public//upload/moudlepic1/20190805155435_1446896978.jpg,是上海内环线中心区域内最大的富有自然特征的生态型城市公园。公园以大面积的草坪、森林、湖泊为主体，体现了东西方园林艺术和人与自然的融合，设置了乡土田园区、观景区、湖滨区、疏林草坪区、鸟类保护区、国际花园区体育休闲区7个景区，以及音乐剧场、儿童乐园、垂钓等活动场所。,公园湿地
40,西岸氧吧林舍,崇明区,上海市崇明区庙镇庙南村1438号,建议自驾,121.34164358086812,31.70518492491023,http://uploadimg.sh-datastone.cn/section_upload/20210310/16153441217723.jpg,坐拥周边400亩树林。无处不散发着负离子的芬芳。由老屋改造的林舍，设计师希望中西融汇，新旧并存。保留了经历风雨的老瓦、还把村民拆迁留下的老物件与现代家具融合。岁月在林舍的花园中留下了印记，设计师、村民与民宿主人谱写着现代崇明的发展新曲。,特色民宿
41,香朵开心农场,崇明区,上海市崇明区庙镇小星公路1500号,建议自驾,121.35850800919026,31.750779959422598,http://uploadimg.sh-datastone.cn/section_upload/20210310/16153441267393.jpg,位于被誉为”全国美丽宜居乡村”的上海崇明庙镇合中村，交通便捷，距离崇明城区仅30分钟车程，10分钟即可到达崇明区主干道—陈海公路。香朵农场开心农场集餐饮、住宿、观景、娱乐、务农、亲子活动为一体，是一个放松心情、放慢脚步、静心享受田园生活的好去处。,特色民宿
42,青檐民宿,金山区,上海市金山区廊下镇廊华路5098号,建议自驾,121.17033195909613,30.78343653850457,http://uploadimg.sh-datastone.cn/section_upload/20210310/16153442687436.jpg,在金山区廊下镇山塘村，一家由上世纪老厂房改造而成的民宿，青砖黑瓦，配上红砖外墙，庭院阁楼，小池露台，江南风味扑面而来。还有一个户外帐篷营地，提供给想要体验户外住宿的亲子，一起动手搭帐篷，晚上看星星，早起听鸟鸣。还拥有廊下最大的一个灶头，希望能将这些古老的、以后越来越少的东西传承下去，历史的记忆是不应该被遗忘的。,特色民宿
43,耘舍,崇明区,上海市崇明区向化镇齐南村726号,建议自驾,121.75839149170402,31.581523891041392,http://uploadimg.sh-datastone.cn/section_upload/20210310/16153442742809.jpg,耘舍民宿是位于崇明东部向化镇齐南村，距离上海一个小时的车程，让田园生活不再遥远；邻近最美乡村公路，带你穿越和领略崇明的四季之美。耘舍民宿分别名为“守清、守静、守平、守谦、守常、守拙、守璞”。公共区域配备有餐厅、茶室、休闲区、瑜伽房、工作室、儿童活动空间等。户外活动区域配备儿童喜欢的蹦床、小篮球架等户外设施。,特色民宿
44,如砚民宿,崇明区,上海市崇明区竖新镇团城公路1768号,建议自驾,121.5943699784677,31.568529918940612,http://uploadimg.sh-datastone.cn/section_upload/20210310/1615344155970.jpg,"人生如诗，做人如砚。如砚民宿配套设施齐全，设有餐饮娱乐区、客房区及园林区。新中式装修,设施齐全豪华,落地飘窗,全区智能化控制,中央空调系统,空间舒适,日式枯山水庭院风格,享受安静、私密、悠闲的私人空间；园林区设有锦鲤戏水池,假山流水,九曲木栈道,凉亭,并有阳光大草坪,提供自助烧烤区,蔬果采摘区,健身娱乐设施等。",特色民宿
45,八十八亩田,松江区,上海市松江区叶榭镇虹洋公路1121号、1118号,建议自驾,121.3623200584524,30.94899988087123,http://uploadimg.sh-datastone.cn/section_upload/20210310/16153443171404.jpg,松江大米文化体验地，一家开在稻田间的新鲜米铺。位于上海松江区叶榭镇，以叶榭软糕为核心，稻香民宿为载体，致力于推广叶榭软糕、松江大米的品牌文化、传承米匠精神。这里不仅有叶榭软糕、米食餐厅、自然教育、农耕体验，还有松江第一家主题民宿，归原田居唤起浓浓乡愁，人生不过一碗好饭！欢迎大家前来八十八亩田“开轩面场圃，把酒话桑麻”，体验一亩良田、一碗好饭、一块软糕、一方庭院的幸福感！,特色民宿
46,颐一,崇明区,上海市崇明区竖新镇仙桥村866号,建议自驾,121.61576806486812,31.63726306473794,http://uploadimg.sh-datastone.cn/section_upload/20210310/16153441685438.jpg,“颐一”紧邻美丽的北沿公路。建筑外观保留了崇明传统的屋顶红瓦，室内融入现代设计风格，展现与众不同的内涵。“颐一”拥有13间全庭院、全独立卫生间客房，配置全地暖和空调系统。主打以崇明原生态食材为特色的私房餐厅“一餐厅“，全功能会议室和阅读洽谈区。一楼草坪和二楼大露台，可以白天赏花晚上观星，让住客尽享自然绿意和至臻体验。,特色民宿
47,久居,崇明区,上海市崇明区中兴镇红星村红北596号,建议自驾,121.78870292469665,31.535845939934855,http://uploadimg.sh-datastone.cn/section_upload/20210310/16153441748443.jpg,比城市更幽静，比山野更丰富。有别墅四栋，住宿三栋，餐厅一栋。拥有各类房型共12间，每一间房间在极净之余均各有巧思与独特的审美体验，不仅生活设施一应俱全，房内还可仰望星空、可观窗外美景，且自带庭院花园。拥有“居有宿”、“居有咖”、“居有酒”、“居有食”、“亲子居”、“严选铺”、“露营区”、“多功能室”、“居有趣开心农场”九大功能区，可以露天烧烤、观影等；这里环绕良田百亩、果蔬遍地，餐厅食材多就地取材，呈现地道崇明味。,特色民宿
48,汤之道,崇明区,上海市崇明区中兴镇永南村南村850号,建议自驾,121.7868247475364,31.551769494169687,http://uploadimg.sh-datastone.cn/section_upload/20210310/16153451449954.jpg,汤之道是一家讲述自己“爱情故事”的民宿。民宿展现了民宿夫妇从相识到结为伴侣，创业的真实生活经历。愿每一位来到民宿的客人能在繁忙的节奏中歇息一下回顾自己的前半生，在汤之道来一次小小的“穿越”。汤之道是住宿、餐饮、休闲、娱乐采摘为一体的农业旅游景点。,特色民宿
49,南厅北院,崇明区,上海市崇明区向化镇北港村413号,建议自驾,121.78032694446053,31.591198462913248,http://uploadimg.sh-datastone.cn/section_upload/20210310/16153451853737.jpg,民宿位于生态岛崇明向化镇北部，以新中式为主题，观景露台、草坪庭院、户外秋千、免费停车。民宿提供特色崇明农家菜服务，由本地专职厨师掌勺，让你吃遍崇明本地菜，可提供音乐、烛光、棋牌、KTV、台球、乒乓球、双人和四人自行车等娱乐设施。,特色民宿
50,宿予民宿,浦东新区,上海市浦东新区川沙新镇连民村287号,建议自驾,121.70777440164164,31.20232857380201,https://api.sh-datastone.com/place_sh_cn_api/Public//upload/moudlepic2/20201013133203_1546643618.jpg,宿予民宿坐落在有蝉鸣蛙叫，漫天繁星的连民村，每幢民宿都有独特的设计风格以及DIY体验项目，更有用当地食材并赋予本地文化的精致料理——宿予十二膳，在宿予民宿不仅可以感受到田园风光，也可以体验到精致的品质生活。在嘈杂的城市近郊缔造安静隐匿于乡野的个性居住环境，真正享受农村的慢时光。,特色民宿
